Name,Geometry,L* (D65/10),a* (D65/10),b* (D65/10),r,g,b
PAR_EW_RL_NG_2,15as-45,35.47377949,35.81072955,13.17714539,139,57,64
PAR_EW_RL_NG_2,15as-30,34.96618691,36.51850261,13.62871533,139,54,62
PAR_EW_RL_NG_2,15as-15,34.761276,36.97928465,14.01998036,139,53,61
PAR_EW_RL_NG_2,15as15,34.08595878,38.29644573,14.8482525,138,50,59
PAR_EW_RL_NG_2,15as45,32.84977774,40.58668279,16.65754347,138,44,53
PAR_EW_RL_NG_2,15as80,31.776737,40.17191164,16.45339956,135,42,51
PAR_EW_RL_NG_2,45as-15,50.0449763,25.30357703,9.479193375,164,102,104
PAR_EW_RL_NG_2,45as15,39.33290967,31.75683103,12.27494021,144,70,74
PAR_EW_RL_NG_2,45as25,36.99146548,34.23623281,13.39015233,141,62,67
PAR_EW_RL_NG_2,45as45,33.71377128,37.38317699,15.10937731,136,50,57
PAR_EW_RL_NG_2,45as75,32.51005462,40.00623484,17.26668555,137,44,51
PAR_EW_RL_NG_2,45as110,32.9213452,41.01394319,18.22086763,139,43,51
PAR_PW_CN_NG_2,15as-45,43.92244376,33.33438496,19.26098251,162,80,74
PAR_PW_CN_NG_2,15as-30,44.17416649,33.64890853,19.64839925,163,80,74
PAR_PW_CN_NG_2,15as-15,44.2963714,33.42613684,19.35870583,163,80,74
PAR_PW_CN_NG_2,15as15,45.05079135,34.08749364,20.70876286,166,82,74
PAR_PW_CN_NG_2,15as45,43.78861377,36.30029766,23.22501304,166,76,67
PAR_PW_CN_NG_2,15as80,42.8533922,37.27762814,23.26074873,164,73,65
PAR_PW_CN_NG_2,45as-15,55.23504939,24.6468404,14.10334403,180,115,109
PAR_PW_CN_NG_2,45as15,48.85808654,29.08967271,17.50471192,169,96,88
PAR_PW_CN_NG_2,45as25,46.6411459,31.13298235,18.93832991,166,88,80
PAR_PW_CN_NG_2,45as45,43.99259427,33.8440401,21.29708884,163,79,70
PAR_PW_CN_NG_2,45as75,44.54032357,35.45592801,24.18585511,167,79,67
PAR_PW_CN_NG_2,45as110,46.54802816,36.86727755,25.17373297,175,82,70
PAR_EW_EB_NG_3,15as-45,43.74453809,-2.0029835,-31.20100254,54,107,155
PAR_EW_EB_NG_3,15as-30,42.81119575,-1.698319911,-31.92749255,50,105,154
PAR_EW_EB_NG_3,15as-15,42.13386816,-1.980698365,-31.5873511,48,103,151
PAR_EW_EB_NG_3,15as15,42.66397547,-1.714798006,-32.14945718,49,104,154
PAR_EW_EB_NG_3,15as45,42.58753723,-1.7984226,-32.89559002,46,104,155
PAR_EW_EB_NG_3,15as80,42.97783384,-1.743036086,-33.55495219,45,105,157
PAR_EW_EB_NG_3,45as-15,55.78895781,-2.18281662,-24.57787465,100,137,176
PAR_EW_EB_NG_3,45as15,47.86396443,-1.844038804,-27.88297789,74,117,160
PAR_EW_EB_NG_3,45as25,45.96699094,-1.735611165,-28.9549627,67,112,157
PAR_EW_EB_NG_3,45as45,44.24602198,-1.762320277,-30.0884662,59,108,154
PAR_EW_EB_NG_3,45as75,45.4061249,-1.868036124,-30.65105318,61,111,158
PAR_EW_EB_NG_3,45as110,47.80015479,-2.152676259,-31.83274259,64,117,167
PAR_EW_RL_NG_1,15as-45,50.31632586,35.91146966,7.001897657,179,94,109
PAR_EW_RL_NG_1,15as-30,52.09301607,34.54592181,6.007807195,182,100,115
PAR_EW_RL_NG_1,15as-15,54.20977624,33.0984229,5.350144926,185,107,122
PAR_EW_RL_NG_1,15as15,53.98691331,32.85743092,5.18063706,184,106,121
PAR_EW_RL_NG_1,15as45,50.48790598,36.80398987,6.663521192,180,94,110
PAR_EW_RL_NG_1,15as80,47.91662685,39.38473285,8.149479426,177,85,102
PAR_EW_RL_NG_1,45as-15,65.9654513,25.4877139,4.365848741,207,143,153
PAR_EW_RL_NG_1,45as15,57.00483067,29.56513234,4.785361441,188,117,130
PAR_EW_RL_NG_1,45as25,54.39584056,32.23908384,5.491767327,185,108,122
PAR_EW_RL_NG_1,45as45,50.10217334,35.43872962,6.141889532,177,94,110
PAR_EW_RL_NG_1,45as75,48.27555847,37.39212067,7.480972368,175,87,104
PAR_EW_RL_NG_1,45as110,46.84929101,40.3295684,9.151072964,176,81,97
PAR_EW_EB_NG_1,15as-45,54.85390646,-5.59152745,-29.74718583,78,137,182
PAR_EW_EB_NG_1,15as-30,56.30047917,-5.849925422,-29.38830145,82,140,186
PAR_EW_EB_NG_1,15as-15,57.01359493,-6.246874813,-28.35630946,85,142,186
PAR_EW_EB_NG_1,15as15,58.19085708,-6.109826179,-28.21858194,89,145,189
PAR_EW_EB_NG_1,15as45,56.94001864,-6.156049286,-29.57690156,82,142,188
PAR_EW_EB_NG_1,15as80,55.58689328,-5.537480088,-32.07933527,74,139,188
PAR_EW_EB_NG_1,45as-15,67.93687136,-4.307419344,-23.40039251,129,170,207
PAR_EW_EB_NG_1,45as15,63.74656458,-4.761481719,-24.1083364,116,159,197
PAR_EW_EB_NG_1,45as25,61.54021863,-4.977041599,-25.19553602,107,153,193
PAR_EW_EB_NG_1,45as45,58.84190559,-5.344710098,-26.46522217,97,147,187
PAR_EW_EB_NG_1,45as75,58.70405555,-5.064799336,-26.69310599,97,146,187
PAR_EW_EB_NG_1,45as110,59.7824517,-4.577629007,-28.39921616,98,149,193
PAR_EW_RL_NG_3,15as-45,28.93079881,37.01216984,15.4687583,123,39,46
PAR_EW_RL_NG_3,15as-30,28.0232089,36.82837325,15.92221323,120,36,44
PAR_EW_RL_NG_3,15as-15,27.34089643,36.68900422,16.17945173,118,35,42
PAR_EW_RL_NG_3,15as15,28.21770194,36.98544662,16.47947155,121,37,43
PAR_EW_RL_NG_3,15as45,28.50876967,38.00869696,17.45149743,123,36,42
PAR_EW_RL_NG_3,15as80,28.45517448,38.44161416,17.11451559,123,35,43
PAR_EW_RL_NG_3,45as-15,35.98708659,31.34829652,12.49103508,135,62,66
PAR_EW_RL_NG_3,45as15,31.1248585,32.78397784,14.96776417,124,49,52
PAR_EW_RL_NG_3,45as25,29.20877403,34.65546002,15.62281003,121,42,46
PAR_EW_RL_NG_3,45as45,28.01559374,35.73131572,16.35035918,119,38,43
PAR_EW_RL_NG_3,45as75,33.05284047,32.89285492,15.33614258,129,54,55
PAR_EW_RL_NG_3,45as110,31.36055406,38.72629634,17.30171891,132,42,49
PAR_EW_EB_NG_2,15as-45,44.68001588,-2.235887499,-32.02724254,54,110,159
PAR_EW_EB_NG_2,15as-30,44.5519202,-2.017442701,-32.87259568,52,109,160
PAR_EW_EB_NG_2,15as-15,44.43486151,-2.353910435,-32.53532031,51,109,159
PAR_EW_EB_NG_2,15as15,44.63721038,-2.055143933,-33.19610278,51,109,161
PAR_EW_EB_NG_2,15as45,44.63506963,-2.073849161,-34.06211413,48,110,162
PAR_EW_EB_NG_2,15as80,45.48033125,-1.918285124,-35.03481688,48,112,166
PAR_EW_EB_NG_2,45as-15,55.45753628,-2.105838933,-25.7804583,98,136,177
PAR_EW_EB_NG_2,45as15,50.27143114,-1.744726183,-28.29137875,80,123,167
PAR_EW_EB_NG_2,45as25,47.94794406,-1.684567344,-29.55960116,71,117,163
PAR_EW_EB_NG_2,45as45,46.01839924,-1.847658894,-31.41671372,61,113,161
PAR_EW_EB_NG_2,45as75,46.86859907,-1.834075825,-31.69768667,63,115,164
PAR_EW_EB_NG_2,45as110,49.63019457,-1.999064919,-32.95078702,67,122,174
PAR_PW_CN_NG_3,15as-45,41.8538293,31.06262446,17.95818486,152,77,71
PAR_PW_CN_NG_3,15as-30,42.46224352,31.42344058,18.27072371,155,78,72
PAR_PW_CN_NG_3,15as-15,42.84643445,31.22994461,17.96611619,155,79,73
PAR_PW_CN_NG_3,15as15,44.06732453,31.8200434,19.14878071,160,81,74
PAR_PW_CN_NG_3,15as45,43.3024427,34.0065547,21.50424483,161,77,69
PAR_PW_CN_NG_3,15as80,43.03794595,35.54316632,22.0453422,163,75,67
PAR_PW_CN_NG_3,45as-15,53.15404725,21.93481093,12.85520687,170,112,106
PAR_PW_CN_NG_3,45as15,48.83515283,25.30364452,15.7044779,164,99,91
PAR_PW_CN_NG_3,45as25,46.60609063,27.47426232,17.07681154,161,91,83
PAR_PW_CN_NG_3,45as45,44.07865524,30.27964488,19.21323981,158,83,74
PAR_PW_CN_NG_3,45as75,45.75295068,31.01695115,21.39010575,164,86,74
PAR_PW_CN_NG_3,45as110,48.33906646,32.71840152,22.30493035,174,91,79
PAR_PW_CN_NG_1,15as-45,60.59841387,31.39654209,22.23540497,208,123,109
PAR_PW_CN_NG_1,15as-30,62.31198037,30.19385415,21.44594007,211,129,114
PAR_PW_CN_NG_1,15as-15,63.23328209,29.01630481,20.37000869,212,132,118
PAR_PW_CN_NG_1,15as15,63.8387746,29.14124912,21.14136956,214,134,119
PAR_PW_CN_NG_1,15as45,61.12579507,31.49864382,23.47001192,210,125,108
PAR_PW_CN_NG_1,15as80,57.94345871,34.44756461,25.28780264,206,114,97
PAR_PW_CN_NG_1,45as-15,72.84083481,24.49502128,15.85144943,231,162,151
PAR_PW_CN_NG_1,45as15,65.54169362,27.41648823,18.9793388,216,140,127
PAR_PW_CN_NG_1,45as25,63.10807109,28.93759112,20.52016786,211,132,118
PAR_PW_CN_NG_1,45as45,60.25804412,30.75773754,22.41823392,206,123,107
PAR_PW_CN_NG_1,45as75,59.10770228,32.06167618,24.36074963,205,119,101
PAR_PW_CN_NG_1,45as110,58.02600745,34.75640752,26.13882768,207,114,96
PAR_PW_EB_NG_2,15as-45,59.01552659,-7.401737607,-28.97604336,86,148,192
PAR_PW_EB_NG_2,15as-30,57.53521305,-7.360215329,-29.72942905,80,144,190
PAR_PW_EB_NG_2,15as-15,56.3017329,-7.677712362,-29.41083284,76,141,186
PAR_PW_EB_NG_2,15as15,55.12062223,-7.404482135,-30.11699852,71,138,184
PAR_PW_EB_NG_2,15as45,54.27125626,-7.334818488,-30.75267874,67,136,182
PAR_PW_EB_NG_2,15as80,53.5860575,-6.954632931,-30.80622918,66,134,181
PAR_PW_EB_NG_2,45as-15,69.05440245,-5.972090998,-23.42388134,128,174,210
PAR_PW_EB_NG_2,45as15,63.19484856,-5.848373424,-23.88739268,112,158,195
PAR_PW_EB_NG_2,45as25,59.71779388,-6.179631101,-25.88928227,98,149,189
PAR_PW_EB_NG_2,45as45,56.4627886,-6.504367491,-27.18333065,85,141,182
PAR_PW_EB_NG_2,45as75,58.39366151,-5.820054291,-25.90325692,95,146,185
PAR_PW_EB_NG_2,45as110,54.77505801,-6.182905002,-28.92774977,78,137,181
PAR_PW_EB_CC_2,15as-45,53.46866977,-6.722259727,-25.76008146,79,133,172
PAR_PW_EB_CC_2,15as-30,52.95404978,-6.894653756,-26.47062682,76,132,171
PAR_PW_EB_CC_2,15as-15,52.41439322,-7.230725562,-25.98995893,74,131,169
PAR_PW_EB_CC_2,15as15,51.91345093,-7.202466582,-26.8627667,71,130,169
PAR_PW_EB_CC_2,15as45,50.28856568,-7.163536436,-27.67115473,64,126,166
PAR_PW_EB_CC_2,15as80,49.10243585,-6.48417715,-27.83754062,63,122,163
PAR_PW_EB_CC_2,45as-15,69.31118979,-4.63993731,-18.41179711,140,173,202
PAR_PW_EB_CC_2,45as15,58.92016948,-5.295350345,-21.53964556,106,146,179
PAR_PW_EB_CC_2,45as25,56.18065745,-5.446100026,-22.70672006,96,139,174
PAR_PW_EB_CC_2,45as45,52.94609722,-5.836068779,-24.02255733,84,131,167
PAR_PW_EB_CC_2,45as75,51.9782559,-5.378098202,-23.87556909,83,129,164
PAR_PW_EB_CC_2,45as110,53.37861396,-4.742840071,-23.13297104,90,132,167
PAR_PW_EB_PB_1,15as-45,58.88189187,-8.989167192,-23.05949163,93,148,182
PAR_PW_EB_PB_1,15as-30,59.45536553,-9.378114561,-23.39819148,92,150,184
PAR_PW_EB_PB_1,15as-15,59.66823243,-9.842637253,-22.81459121,93,151,183
PAR_PW_EB_PB_1,15as15,60.41368212,-9.885056566,-23.386594,94,153,186
PAR_PW_EB_PB_1,15as45,59.11593842,-10.00610624,-24.43345145,87,149,185
PAR_PW_EB_PB_1,15as80,57.2206278,-9.477650569,-25.86072136,81,144,182
PAR_PW_EB_PB_1,45as-15,70.40129694,-6.739456356,-18.81016792,137,177,206
PAR_PW_EB_PB_1,45as15,63.14653228,-8.241719287,-20.94161684,110,159,189
PAR_PW_EB_PB_1,45as25,61.47662179,-8.548978645,-21.86426905,103,155,187
PAR_PW_EB_PB_1,45as45,59.25959327,-9.264308182,-23.02668455,93,149,182
PAR_PW_EB_PB_1,45as75,58.15154991,-9.251275518,-23.98157862,88,146,181
PAR_PW_EB_PB_1,45as110,57.95957267,-8.705661803,-25.26879832,87,146,183
PAR_PW_EB_NG_1,15as-45,62.30760679,-9.573179085,-27.51105299,91,158,199
PAR_PW_EB_NG_1,15as-30,61.4854821,-9.653959364,-28.06670616,87,156,197
PAR_PW_EB_NG_1,15as-15,60.44367713,-9.976860692,-27.59160527,84,153,194
PAR_PW_EB_NG_1,15as15,60.27176606,-9.769044528,-28.07633849,83,153,194
PAR_PW_EB_NG_1,15as45,58.77055676,-9.745657028,-29.17269062,76,149,192
PAR_PW_EB_NG_1,15as80,57.28413348,-9.210171898,-30.33971508,70,145,190
PAR_PW_EB_NG_1,45as-15,69.94036693,-8.11119524,-24.60909969,123,177,215
PAR_PW_EB_NG_1,45as15,63.63727875,-8.354303011,-25.72239054,102,161,199
PAR_PW_EB_NG_1,45as25,61.42417917,-8.602506226,-26.78912689,93,155,195
PAR_PW_EB_NG_1,45as45,58.94121024,-8.955054186,-27.70812113,83,149,190
PAR_PW_EB_NG_1,45as75,59.4443435,-8.30493988,-27.39220409,87,150,191
PAR_PW_EB_NG_1,45as110,57.4348381,-8.319432023,-30.12755969,75,145,190
PAR_PW_EB_NG_3,15as-45,51.92144532,-5.404762044,-28.03713561,74,129,171
PAR_PW_EB_NG_3,15as-30,50.82697327,-5.286099318,-29.00884075,69,126,170
PAR_PW_EB_NG_3,15as-15,49.75458911,-5.537728632,-28.78830865,66,124,167
PAR_PW_EB_NG_3,15as15,49.27188615,-5.154243099,-29.7743351,63,122,167
PAR_PW_EB_NG_3,15as45,48.56360475,-5.182658008,-30.44587792,59,120,166
PAR_PW_EB_NG_3,15as80,49.00625825,-5.136342612,-30.35344828,61,122,167
PAR_PW_EB_NG_3,45as-15,64.00444842,-4.97142699,-23.179762,117,160,196
PAR_PW_EB_NG_3,45as15,54.98548675,-4.903987721,-26.03938204,88,136,176
PAR_PW_EB_NG_3,45as25,52.76152215,-4.855084853,-27.0660772,80,131,172
PAR_PW_EB_NG_3,45as45,49.79880597,-4.909952293,-28.3100073,69,123,166
PAR_PW_EB_NG_3,45as75,50.03843788,-4.466476622,-27.91127377,72,124,166
PAR_PW_EB_NG_3,45as110,50.57945443,-4.7296722,-28.99320433,70,125,169
PAR_PW_EB_MC_2,15as-45,72.93326411,-7.038407707,-16.12627599,147,184,208
PAR_PW_EB_MC_2,15as-30,72.86105171,-7.289678415,-17.06882857,144,184,209
PAR_PW_EB_MC_2,15as-15,72.24867292,-7.447257868,-16.94087654,143,183,208
PAR_PW_EB_MC_2,15as15,72.37569197,-7.377009953,-17.28727867,143,183,209
PAR_PW_EB_MC_2,15as45,72.35074816,-7.345315255,-17.5997753,142,183,209
PAR_PW_EB_MC_2,15as80,73.71349477,-7.014061611,-17.21462456,147,186,212
PAR_PW_EB_MC_2,45as-15,81.70994826,-5.630062991,-13.45254464,177,207,228
PAR_PW_EB_MC_2,45as15,76.23383467,-6.314117687,-14.89430107,159,193,215
PAR_PW_EB_MC_2,45as25,74.68177913,-6.458819694,-15.61909985,153,189,212
PAR_PW_EB_MC_2,45as45,72.7784343,-6.811424016,-16.3810815,146,184,208
PAR_PW_EB_MC_2,45as75,73.15512318,-6.556362356,-16.01750371,148,185,208
PAR_PW_EB_MC_2,45as110,75.93849182,-6.229128853,-15.68204883,157,192,216
PAR_PW_EB_CC_1,15as-45,56.43455398,-7.821155686,-27.04460866,81,142,182
PAR_PW_EB_CC_1,15as-30,56.735162,-8.102873829,-27.44521205,80,143,183
PAR_PW_EB_CC_1,15as-15,56.6223851,-8.541323149,-26.90231988,80,142,182
PAR_PW_EB_CC_1,15as15,57.04598374,-8.463433004,-27.33964306,80,144,184
PAR_PW_EB_CC_1,15as45,55.66835228,-8.507742926,-28.53458594,73,140,182
PAR_PW_EB_CC_1,15as80,53.69546602,-7.756928177,-30.24213406,65,135,180
PAR_PW_EB_CC_1,45as-15,67.11554053,-6.650892063,-24.10512535,120,169,206
PAR_PW_EB_CC_1,45as15,60.19327746,-7.401943008,-25.85048152,96,151,190
PAR_PW_EB_CC_1,45as25,58.52756043,-7.583237254,-26.66888644,89,147,187
PAR_PW_EB_CC_1,45as45,55.97205571,-7.971240146,-27.61023224,78,141,182
PAR_PW_EB_CC_1,45as75,55.51213151,-7.441890932,-27.29644027,79,139,180
PAR_PW_EB_CC_1,45as110,54.27681198,-6.829158253,-29.20752127,73,136,180
PAR_PW_EB_MC_1,15as-45,77.20841154,-6.837865471,-11.52592051,164,195,212
PAR_PW_EB_MC_1,15as-30,78.09785068,-7.172940692,-12.18385333,165,198,215
PAR_PW_EB_MC_1,15as-15,78.04814327,-7.350756231,-11.95123202,165,198,215
PAR_PW_EB_MC_1,15as15,78.58211773,-7.360740467,-11.88460698,167,200,216
PAR_PW_EB_MC_1,15as45,79.17775122,-7.375753127,-12.15835625,168,201,218
PAR_PW_EB_MC_1,15as80,81.99855286,-7.266247706,-12.23116891,176,209,226
PAR_PW_EB_MC_1,45as-15,86.16160948,-5.505999264,-10.0691126,194,220,234
PAR_PW_EB_MC_1,45as15,82.4389084,-6.50419089,-10.88342593,180,210,225
PAR_PW_EB_MC_1,45as25,81.62425103,-6.543284,-11.17272549,178,207,223
PAR_PW_EB_MC_1,45as45,80.0906358,-6.823990564,-11.41022188,172,203,219
PAR_PW_EB_MC_1,45as75,79.67158382,-6.659230217,-11.1764411,172,202,218
PAR_PW_EB_MC_1,45as110,83.35768419,-6.358173778,-10.96782977,183,212,228
PAR_PW_EB_CC_3,15as-45,47.0974151,-4.361961031,-24.56017161,72,116,153
PAR_PW_EB_CC_3,15as-30,46.54531416,-4.241170976,-25.64223318,68,114,153
PAR_PW_EB_CC_3,15as-15,45.85722034,-4.432825168,-25.62593981,66,113,151
PAR_PW_EB_CC_3,15as15,46.21462971,-4.099270964,-26.34927006,66,114,153
PAR_PW_EB_CC_3,15as45,45.57695166,-4.129614535,-27.0869056,63,112,153
PAR_PW_EB_CC_3,15as80,47.37788921,-4.045042377,-26.59384392,69,117,157
PAR_PW_EB_CC_3,45as-15,61.1476486,-3.852036957,-18.86305291,119,151,180
PAR_PW_EB_CC_3,45as15,53.62972659,-3.695839926,-21.194575,96,132,164
PAR_PW_EB_CC_3,45as25,51.18207341,-3.693682193,-22.47950335,88,126,160
PAR_PW_EB_CC_3,45as45,48.2595728,-3.820481359,-23.8207136,78,118,154
PAR_PW_EB_CC_3,45as75,49.08357636,-3.33319897,-22.95186227,83,120,155
PAR_PW_EB_CC_3,45as110,52.56030627,-3.308857375,-22.47410512,93,129,164
PAR_PW_EB_MC_3,15as-45,60.6202118,-5.45710461,-22.9562928,107,151,186
PAR_PW_EB_MC_3,15as-30,60.13228762,-5.527717911,-24.10460645,104,150,187
PAR_PW_EB_MC_3,15as-15,59.38854432,-5.827295499,-24.11067096,101,148,185
PAR_PW_EB_MC_3,15as15,59.68158635,-5.592798833,-24.6022483,102,149,186
PAR_PW_EB_MC_3,15as45,59.92920644,-5.557092041,-24.74672326,102,149,187
PAR_PW_EB_MC_3,15as80,61.66555251,-5.390502106,-23.88740797,109,154,191
PAR_PW_EB_MC_3,45as-15,70.33361679,-4.489731414,-18.5106871,142,176,205
PAR_PW_EB_MC_3,45as15,64.24037818,-4.813086089,-20.49208903,123,160,192
PAR_PW_EB_MC_3,45as25,63.0021451,-4.809722552,-21.26748794,118,157,190
PAR_PW_EB_MC_3,45as45,61.56332946,-5.011715372,-22.02778822,113,153,187
PAR_PW_EB_MC_3,45as75,62.65965762,-4.693828123,-21.21565615,118,156,189
PAR_PW_EB_MC_3,45as110,66.82807555,-4.551552277,-20.02937084,131,167,198
PAR_PW_EB_PB_2,15as-45,56.27426974,-7.985906341,-21.10356791,92,141,171
PAR_PW_EB_PB_2,15as-30,56.16820923,-8.399502975,-21.67554849,90,141,172
PAR_PW_EB_PB_2,15as-15,56.01348368,-8.816383334,-21.25098172,89,140,171
PAR_PW_EB_PB_2,15as15,56.00166048,-8.921871848,-22.00026064,87,141,172
PAR_PW_EB_PB_2,15as45,54.58237929,-8.983409303,-22.84556548,81,137,170
PAR_PW_EB_PB_2,15as80,53.31875655,-8.261094524,-23.58343789,79,133,167
PAR_PW_EB_PB_2,45as-15,70.56887515,-5.779076867,-15.84463107,144,177,201
PAR_PW_EB_PB_2,45as15,61.77068835,-7.004614261,-17.94507126,114,154,180
PAR_PW_EB_PB_2,45as25,59.44124976,-7.28019017,-18.91309256,106,148,176
PAR_PW_EB_PB_2,45as45,56.41392252,-7.929971597,-20.13128086,94,141,170
PAR_PW_EB_PB_2,45as75,55.74123274,-7.670229216,-20.32191,93,139,168
PAR_PW_EB_PB_2,45as110,56.72631642,-6.95942773,-20.43114218,97,141,171
PAR_PW_RL_NG_1,15as-45,77.53233358,17.02580038,2.298384022,225,181,188
PAR_PW_RL_NG_1,15as-30,79.48246264,16.19955552,1.717761394,228,186,194
PAR_PW_RL_NG_1,15as-15,80.77859857,15.36148104,1.588038226,230,191,198
PAR_PW_RL_NG_1,15as15,83.2081756,14.63463626,1.649767063,236,198,205
PAR_PW_RL_NG_1,15as45,79.33587495,16.19762654,1.704341281,228,186,194
PAR_PW_RL_NG_1,15as80,78.3694596,17.93275665,2.055029554,228,182,191
PAR_PW_RL_NG_1,45as-15,90.00373632,14.4356561,1.595168864,255,217,224
PAR_PW_RL_NG_1,45as15,85.82545824,14.49886775,1.252554417,243,205,213
PAR_PW_RL_NG_1,45as25,81.97032308,15.44920219,1.42866097,234,194,202
PAR_PW_RL_NG_1,45as45,78.83103962,16.11743975,1.38677194,226,185,193
PAR_PW_RL_NG_1,45as75,77.70112022,16.49518837,1.686450786,224,181,189
PAR_PW_RL_NG_1,45as110,77.58707368,17.93904759,1.887745063,226,180,189
PAR_PW_RL_MC_1,15as-45,86.25932279,4.374496902,4.843147406,228,213,207
PAR_PW_RL_MC_1,15as-30,87.04278091,4.344838027,4.534326731,230,215,210
PAR_PW_RL_MC_1,15as-15,86.79340765,4.511129165,4.704065778,230,214,209
PAR_PW_RL_MC_1,15as15,88.01478251,4.485907174,4.901434936,234,218,212
PAR_PW_RL_MC_1,15as45,88.38843101,4.489009306,4.75385962,235,219,213
PAR_PW_RL_MC_1,15as80,89.33895304,4.296792629,4.699102882,237,221,216
PAR_PW_RL_MC_1,45as-15,91.350204,3.925080618,4.566903099,242,227,222
PAR_PW_RL_MC_1,45as15,87.9826685,3.980790428,4.512097861,232,218,212
PAR_PW_RL_MC_1,45as25,87.46908856,4.187707177,4.418970293,231,216,211
PAR_PW_RL_MC_1,45as45,86.86599337,4.226961484,4.187949035,229,215,210
PAR_PW_RL_MC_1,45as75,87.84474656,3.91715494,4.176335317,231,218,212
PAR_PW_RL_MC_1,45as110,90.53511193,3.661249132,3.781853015,238,225,221
PAR_PW_RL_CC_1,15as-45,56.55186718,39.59830258,7.939634282,202,107,124
PAR_PW_RL_CC_1,15as-30,57.1507205,40.28441998,7.816136699,205,108,125
PAR_PW_RL_CC_1,15as-15,57.15690976,40.52732788,7.685165464,205,107,126
PAR_PW_RL_CC_1,15as15,58.08425164,40.65642518,7.747295603,208,110,128
PAR_PW_RL_CC_1,15as45,58.06469803,41.79938886,8.390221414,210,108,127
PAR_PW_RL_CC_1,15as80,58.74925167,43.18344989,8.902789519,214,109,128
PAR_PW_RL_CC_1,45as-15,66.4988074,32.44471281,6.178281078,220,139,152
PAR_PW_RL_CC_1,45as15,62.70437663,35.83280383,7.399147111,215,126,140
PAR_PW_RL_CC_1,45as25,61.50302977,37.17342209,7.737155117,213,122,136
PAR_PW_RL_CC_1,45as45,59.71189071,38.47693987,7.947046578,210,116,132
PAR_PW_RL_CC_1,45as75,59.57912919,37.51672521,8.466641269,208,116,130
PAR_PW_RL_CC_1,45as110,62.44377839,36.81622657,8.72063255,216,124,137
PAR_PW_RL_CC_2,15as-45,50.35288153,41.91263489,11.66094891,189,88,102
PAR_PW_RL_CC_2,15as-30,51.20071542,41.72273936,10.98771604,191,90,105
PAR_PW_RL_CC_2,15as-15,52.6511497,41.21727557,10.37145135,194,95,110
PAR_PW_RL_CC_2,15as15,52.63114043,40.58882775,10.04592577,193,95,110
PAR_PW_RL_CC_2,15as45,49.47606436,45.2324316,12.02917094,191,82,99
PAR_PW_RL_CC_2,15as80,47.28205708,47.68619531,13.93485667,188,73,91
PAR_PW_RL_CC_2,45as-15,67.50909851,28.29853497,7.197261372,217,145,153
PAR_PW_RL_CC_2,45as15,58.21340264,33.77645811,9.549793328,200,116,125
PAR_PW_RL_CC_2,45as25,55.33016145,37.34653152,10.32226151,197,105,116
PAR_PW_RL_CC_2,45as45,50.36283183,41.74763211,11.64498248,189,88,102
PAR_PW_RL_CC_2,45as75,49.96119029,42.11222823,13.15388139,188,87,99
PAR_PW_RL_CC_2,45as110,47.52419549,45.34726951,14.9659743,186,77,90
PAR_PW_RL_CC_3,15as-45,46.09156165,41.10822002,18.02940943,177,77,81
PAR_PW_RL_CC_3,15as-30,46.13501304,40.79552521,17.8738821,177,78,82
PAR_PW_RL_CC_3,15as-15,46.01740972,39.98933209,17.3405268,175,78,82
PAR_PW_RL_CC_3,15as15,45.3101782,41.15835714,18.24583855,175,75,79
PAR_PW_RL_CC_3,15as45,43.34811841,43.20276031,20.35011629,173,68,71
PAR_PW_RL_CC_3,15as80,41.15766367,43.06930245,20.52755447,166,62,66
PAR_PW_RL_CC_3,45as-15,61.68576855,28.20303071,12.45597799,203,129,128
PAR_PW_RL_CC_3,45as15,51.43655329,33.36648012,15.48084526,182,99,98
PAR_PW_RL_CC_3,45as25,48.74437466,35.41250881,16.61700425,177,90,90
PAR_PW_RL_CC_3,45as45,45.16145089,38.1901514,18.32373453,171,78,78
PAR_PW_RL_CC_3,45as75,46.2912658,36.24462171,19.04794474,172,83,80
PAR_PW_RL_CC_3,45as110,45.94961036,35.41394881,18.33134155,170,83,80
PAR_PW_RL_MC_3,15as-45,80.36802799,14.81840319,7.810303076,233,189,185
PAR_PW_RL_MC_3,15as-30,79.59410508,15.06680174,7.721293456,231,187,184
PAR_PW_RL_MC_3,15as-15,78.33733773,15.30878254,7.929820167,228,184,180
PAR_PW_RL_MC_3,15as15,78.61163399,15.3872657,8.124329113,229,184,180
PAR_PW_RL_MC_3,15as45,78.2336585,15.15801604,7.949125358,227,183,179
PAR_PW_RL_MC_3,15as80,76.9763479,13.86579369,7.522595989,221,181,177
PAR_PW_RL_MC_3,45as-15,85.75176016,12.2688683,6.691190455,243,206,202
PAR_PW_RL_MC_3,45as15,79.56661093,13.34280111,7.264209212,227,188,184
PAR_PW_RL_MC_3,45as25,78.25178362,13.7285267,7.349847714,224,184,180
PAR_PW_RL_MC_3,45as45,77.14241552,13.99152608,7.220439361,221,181,178
PAR_PW_RL_MC_3,45as75,77.86950869,13.08099411,7.216938867,222,184,180
PAR_PW_RL_MC_3,45as110,78.20219748,11.74746627,6.721275862,220,186,181
PAR_PW_RL_MC_2,15as-45,84.55891266,9.155403073,6.345172559,233,205,199
PAR_PW_RL_MC_2,15as-30,84.58158495,9.312023685,6.237829277,234,205,200
PAR_PW_RL_MC_2,15as-15,83.86730218,9.543861208,6.431354961,232,203,197
PAR_PW_RL_MC_2,15as15,84.78831661,9.495075445,6.625915831,235,205,200
PAR_PW_RL_MC_2,15as45,84.89534872,9.437460745,6.448985841,235,206,200
PAR_PW_RL_MC_2,15as80,84.57274888,8.882656022,6.184238207,233,205,200
PAR_PW_RL_MC_2,45as-15,89.41029071,7.958760625,5.664929222,245,219,214
PAR_PW_RL_MC_2,45as15,85.53716144,8.496364412,6.034438836,235,208,203
PAR_PW_RL_MC_2,45as25,84.83253992,8.730054919,6.08461867,233,206,201
PAR_PW_RL_MC_2,45as45,84.20510952,8.791485868,5.954093148,232,204,199
PAR_PW_RL_MC_2,45as75,84.9172802,8.403452895,5.763040456,233,206,202
PAR_PW_RL_MC_2,45as110,86.93221801,7.785758057,5.216647765,237,212,208
PAR_PW_RL_NG_2,15as-45,67.53336391,29.77967308,6.622427673,219,144,154
PAR_PW_RL_NG_2,15as-30,69.10606367,28.11841764,5.737583626,221,149,159
PAR_PW_RL_NG_2,15as-15,71.26228033,26.1949693,5.258303099,224,157,166
PAR_PW_RL_NG_2,15as15,69.28036084,26.73402568,5.448284206,219,151,160
PAR_PW_RL_NG_2,15as45,65.62919207,28.85941733,6.334954072,212,140,149
PAR_PW_RL_NG_2,15as80,61.80760898,30.42379477,7.294982397,204,128,138
PAR_PW_RL_NG_2,45as-15,86.38244463,20.35492151,4.961961797,255,202,208
PAR_PW_RL_NG_2,45as15,72.64999428,24.63273939,5.584511911,225,162,169
PAR_PW_RL_NG_2,45as25,69.78359336,26.03057922,6.108272007,220,153,160
PAR_PW_RL_NG_2,45as45,66.54844689,27.02912517,6.33705529,212,144,152
PAR_PW_RL_NG_2,45as75,64.98721063,26.87299819,6.95397642,208,139,146
PAR_PW_RL_NG_2,45as110,62.77062016,27.34915849,7.704239144,202,133,139
PAR_PW_EB_PB_3,15as-45,52.92419154,-7.667337633,-21.12628651,84,132,162
PAR_PW_EB_PB_3,15as-30,51.76552032,-7.937526048,-21.74212816,79,129,160
PAR_PW_EB_PB_3,15as-15,50.90177117,-8.340069926,-21.38540815,76,127,157
PAR_PW_EB_PB_3,15as15,50.25855664,-8.453284491,-22.24186603,72,126,157
PAR_PW_EB_PB_3,15as45,48.24366238,-8.501193722,-23.04373605,65,121,153
PAR_PW_EB_PB_3,15as80,46.52165377,-7.634891567,-22.83361342,63,116,148
PAR_PW_EB_PB_3,45as-15,68.66887787,-5.629279918,-15.63473277,139,172,195
PAR_PW_EB_PB_3,45as15,56.7101773,-6.795650908,-18.23483953,101,141,167
PAR_PW_EB_PB_3,45as25,54.27178215,-7.008567852,-19.0607796,93,135,162
PAR_PW_EB_PB_3,45as45,50.89291743,-7.607953125,-20.24136635,80,127,155
PAR_PW_EB_PB_3,45as75,50.0178234,-7.177725279,-20.08631369,80,124,153
PAR_PW_EB_PB_3,45as110,51.26271289,-6.293879573,-19.11393859,87,127,154
PAR_PW_RL_NG_3,15as-45,59.01833035,38.70605771,11.49392205,210,114,124
PAR_PW_RL_NG_3,15as-30,60.75957408,36.68037029,10.08737147,211,120,130
PAR_PW_RL_NG_3,15as-15,62.32196818,34.62713844,9.056746882,213,126,136
PAR_PW_RL_NG_3,15as15,62.84635549,33.78804541,8.669590395,213,128,138
PAR_PW_RL_NG_3,15as45,59.3669995,37.08531497,10.02887883,208,116,127
PAR_PW_RL_NG_3,15as80,56.17538645,40.1200221,12.03239847,204,105,116
PAR_PW_RL_NG_3,45as-15,72.66217534,29.12077987,8.137842245,234,158,165
PAR_PW_RL_NG_3,45as15,64.57290515,31.76608115,8.889532299,215,134,142
PAR_PW_RL_NG_3,45as25,61.75689114,33.93741052,9.508872254,210,125,134
PAR_PW_RL_NG_3,45as45,58.13123729,36.24758906,10.13100008,203,114,124
PAR_PW_RL_NG_3,45as75,57.63650257,36.53777452,11.47220568,203,112,120
PAR_PW_RL_NG_3,45as110,54.94480874,39.38616429,13.2049962,199,102,111
PEN_PW_CN_NG_2,15as-45,43.36330512,31.39636382,18.22035897,157,80,74
PEN_PW_CN_NG_2,15as-30,43.3639476,31.55295815,18.48735528,157,80,74
PEN_PW_CN_NG_2,15as-15,43.19288718,31.31445126,18.28178618,157,80,73
PEN_PW_CN_NG_2,15as15,43.75373232,31.84387133,19.47892976,159,80,73
PEN_PW_CN_NG_2,15as45,42.65861536,34.07351629,21.95622621,160,76,66
PEN_PW_CN_NG_2,15as80,41.72394215,35.21150412,22.15484041,158,72,64
PEN_PW_CN_NG_2,45as-15,53.59800469,23.29766073,13.06320791,173,112,107
PEN_PW_CN_NG_2,45as15,46.67405072,27.66736763,16.26979137,161,91,85
PEN_PW_CN_NG_2,45as25,44.73911974,29.32520432,17.47503185,158,85,78
PEN_PW_CN_NG_2,45as45,42.2702219,31.82989259,19.66536233,155,77,69
PEN_PW_CN_NG_2,45as75,42.90022805,33.65826694,22.62897782,160,76,66
PEN_PW_CN_NG_2,45as110,45.13810718,35.26297394,23.6429666,169,80,69
PEN_EW_EB_NG_2,15as-45,44.05060818,-2.081628081,-32.52267443,51,108,158
PEN_EW_EB_NG_2,15as-30,43.23194361,-1.749746918,-33.03214764,48,106,157
PEN_EW_EB_NG_2,15as-15,42.47029387,-1.992199082,-32.59218641,46,104,154
PEN_EW_EB_NG_2,15as15,42.77496774,-1.700650853,-33.02820126,47,105,155
PEN_EW_EB_NG_2,15as45,42.85758464,-1.766409218,-33.53189029,45,105,156
PEN_EW_EB_NG_2,15as80,43.04365434,-1.693015114,-34.16155225,44,105,158
PEN_EW_EB_NG_2,45as-15,54.27619487,-2.200827931,-27.21528879,92,133,176
PEN_EW_EB_NG_2,45as15,46.78760918,-1.664530535,-30.10318628,67,114,161
PEN_EW_EB_NG_2,45as25,44.88472668,-1.546527602,-31.17486319,59,110,158
PEN_EW_EB_NG_2,45as45,43.18438026,-1.610344896,-32.3121169,51,106,155
PEN_EW_EB_NG_2,45as75,44.29446279,-1.669473143,-32.50801237,53,108,158
PEN_EW_EB_NG_2,45as110,46.85940057,-1.976465775,-33.23500168,58,115,167
PEN_EW_EB_NG_3,15as-45,43.52941036,-2.060074838,-31.09846338,54,106,154
PEN_EW_EB_NG_3,15as-30,42.84283478,-1.740979278,-31.85186663,50,105,154
PEN_EW_EB_NG_3,15as-15,42.25613175,-1.99573585,-31.53316266,49,103,151
PEN_EW_EB_NG_3,15as15,42.59367218,-1.655733328,-32.30707436,49,104,154
PEN_EW_EB_NG_3,15as45,42.6632531,-1.709362793,-32.89890108,47,104,155
PEN_EW_EB_NG_3,15as80,43.33481698,-1.68866857,-33.74475053,46,106,158
PEN_EW_EB_NG_3,45as-15,53.68060382,-2.268219794,-26.05921869,92,132,173
PEN_EW_EB_NG_3,45as15,47.41227848,-1.734289608,-28.20042382,73,116,160
PEN_EW_EB_NG_3,45as25,45.30181981,-1.607121506,-29.61324949,64,110,156
PEN_EW_EB_NG_3,45as45,43.04161918,-1.711027584,-31.44666415,52,105,153
PEN_EW_EB_NG_3,45as75,44.15710856,-1.753366081,-31.73475793,55,108,157
PEN_EW_EB_NG_3,45as110,46.8176887,-2.046747562,-32.86458695,59,115,166
PAR_PW_RL_PB_1,15as-45,62.60133562,35.86350081,6.150943145,214,126,142
PAR_PW_RL_PB_1,15as-30,65.52561331,34.64541443,5.426732333,220,135,151
PAR_PW_RL_PB_1,15as-15,68.89030392,32.95743797,5.020187533,227,145,160
PAR_PW_RL_PB_1,15as15,69.64921306,32.47052327,5.035564301,229,148,162
PAR_PW_RL_PB_1,15as45,65.18630306,36.53216223,5.869102901,222,132,149
PAR_PW_RL_PB_1,15as80,61.58979589,39.25353982,6.939676038,216,120,138
PAR_PW_RL_PB_1,45as-15,84.10486942,23.91297794,4.242273052,255,194,203
PAR_PW_RL_PB_1,45as15,72.85875442,28.75355652,5.060783372,232,159,171
PAR_PW_RL_PB_1,45as25,69.34485686,31.79873406,5.546820757,227,147,161
PAR_PW_RL_PB_1,45as45,64.83199991,34.99348589,5.955473542,219,133,148
PAR_PW_RL_PB_1,45as75,63.25258402,36.20387705,6.579084605,216,127,143
PAR_PW_RL_PB_1,45as110,62.27831281,37.40783578,7.262896607,216,124,139
PEN_EW_RL_NG_2,15as-45,33.84142037,34.27749508,12.24542139,132,54,62
PEN_EW_RL_NG_2,15as-30,33.5999787,33.95026941,12.20877116,131,54,61
PEN_EW_RL_NG_2,15as-15,34.00741961,32.76432244,11.75263871,131,56,63
PEN_EW_RL_NG_2,15as15,33.61550563,34.00195206,12.45468328,131,54,61
PEN_EW_RL_NG_2,15as45,31.28357613,37.91544325,15.15180299,130,43,52
PEN_EW_RL_NG_2,15as80,30.08664092,38.93279943,15.82450959,128,39,48
PEN_EW_RL_NG_2,45as-15,51.67600284,22.95409381,7.838488116,165,108,111
PEN_EW_RL_NG_2,45as15,38.96933645,28.7445961,10.11853346,139,72,77
PEN_EW_RL_NG_2,45as25,35.62610996,31.39538347,11.48205272,133,61,67
PEN_EW_RL_NG_2,45as45,31.49444613,35.25065216,13.62327189,127,47,55
PEN_EW_RL_NG_2,45as75,30.23425154,38.90692522,16.23944804,129,39,48
PEN_EW_RL_NG_2,45as110,30.90446325,41.12657376,17.75563259,133,38,47
PAR_PW_RL_PB_2,15as-45,53.45059536,40.92744476,14.02868775,197,97,106
PAR_PW_RL_PB_2,15as-30,55.79739556,39.77118773,13.01063532,202,104,113
PAR_PW_RL_PB_2,15as-15,59.19194818,38.47721609,12.19256861,210,114,123
PAR_PW_RL_PB_2,15as15,57.35450347,39.03569891,12.39098634,206,109,118
PAR_PW_RL_PB_2,15as45,52.78382784,44.19991317,14.9392446,200,92,103
PAR_PW_RL_PB_2,15as80,48.98921733,45.31488994,16.54249418,191,80,91
PAR_PW_RL_PB_2,45as-15,77.04758581,24.22305995,8.459722613,239,174,176
PAR_PW_RL_PB_2,45as15,62.36811982,31.61474971,11.00434468,209,129,133
PAR_PW_RL_PB_2,45as25,59.09632439,35.81592169,12.59861745,206,116,122
PAR_PW_RL_PB_2,45as45,53.37396462,40.78317048,14.692725,197,97,104
PAR_PW_RL_PB_2,45as75,51.78204148,42.03182917,16.06764541,195,91,98
PAR_PW_RL_PB_2,45as110,50.76936013,41.79386189,17.00797202,192,89,94
PEN_EW_RL_NG_3,15as-45,27.82797512,30.9647064,12.08904288,112,43,49
PEN_EW_RL_NG_3,15as-30,27.40803224,30.82226088,12.25745329,111,42,47
PEN_EW_RL_NG_3,15as-15,27.14602801,30.76433578,12.45255852,110,42,47
PEN_EW_RL_NG_3,15as15,28.2345613,31.7810804,13.28596481,114,43,48
PEN_EW_RL_NG_3,15as45,28.4412897,33.07302438,14.163141,117,42,47
PEN_EW_RL_NG_3,15as80,28.13680441,33.57990696,13.80250988,116,41,47
PEN_EW_RL_NG_3,45as-15,40.02736138,22.19218659,9.284365427,133,80,80
PEN_EW_RL_NG_3,45as15,33.64357229,24.73514982,10.66591016,120,63,63
PEN_EW_RL_NG_3,45as25,31.66637304,26.46425774,11.29202773,117,57,58
PEN_EW_RL_NG_3,45as45,29.7067517,28.60599823,12.23731487,114,50,52
PEN_EW_RL_NG_3,45as75,31.60900957,29.87740207,12.86871314,121,53,56
PEN_EW_RL_NG_3,45as110,34.4159623,31.26694221,13.3609832,131,59,61
PEN_EW_RL_NG_1,15as-45,43.60084345,40.63787573,7.321692972,166,72,93
PEN_EW_RL_NG_1,15as-30,44.06888093,40.24167731,6.226648884,166,74,95
PEN_EW_RL_NG_1,15as-15,44.40010514,39.2487723,5.379987609,166,76,98
PEN_EW_RL_NG_1,15as15,44.26503727,39.18286738,4.923458898,165,76,98
PEN_EW_RL_NG_1,15as45,42.6578599,42.17341384,6.203902181,165,68,92
PEN_EW_RL_NG_1,15as80,41.0414756,43.89025071,8.520705108,163,62,85
PEN_EW_RL_NG_1,45as-15,56.80703801,30.82889009,6.082764085,190,115,127
PEN_EW_RL_NG_1,45as15,48.59427936,34.5068664,5.647439926,171,91,107
PEN_EW_RL_NG_1,45as25,45.94542859,36.95556938,5.877627272,167,82,100
PEN_EW_RL_NG_1,45as45,42.26786098,39.82331295,5.947182628,161,70,92
PEN_EW_RL_NG_1,45as75,41.27043195,41.71161907,7.203582236,161,65,87
PEN_EW_RL_NG_1,45as110,41.04135412,43.30105229,9.755068671,163,62,83
PEN_PW_CN_NG_1,15as-45,57.84868295,26.06615164,18.43461797,191,121,108
PEN_PW_CN_NG_1,15as-30,59.27254249,24.78977874,17.49504507,193,125,113
PEN_PW_CN_NG_1,15as-15,60.22840443,23.54852885,16.36501483,193,129,118
PEN_PW_CN_NG_1,15as15,60.43696161,23.39060345,16.81400267,194,130,117
PEN_PW_CN_NG_1,15as45,57.3584504,26.0339431,19.28575172,190,119,105
PEN_PW_CN_NG_1,15as80,54.65179019,29.13555946,21.31101791,187,110,95
PEN_PW_CN_NG_1,45as-15,72.525742,18.88460236,12.06588471,219,165,157
PEN_PW_CN_NG_1,45as15,63.67953183,21.32697352,14.44288839,199,140,130
PEN_PW_CN_NG_1,45as25,60.54119627,22.89374831,15.88737656,193,130,119
PEN_PW_CN_NG_1,45as45,57.07419488,24.5600069,17.52604886,186,120,108
PEN_PW_CN_NG_1,45as75,55.98770736,26.23666444,19.59107028,187,116,102
PEN_PW_CN_NG_1,45as110,55.71543903,28.82557043,21.31345567,190,113,98
PAR_PW_RL_PB_3,15as-45,54.18979395,40.29824226,13.41030997,198,99,108
PAR_PW_RL_PB_3,15as-30,56.37883425,39.70156213,12.674179,204,106,115
PAR_PW_RL_PB_3,15as-15,58.97239758,38.61132635,12.00609449,210,114,123
PAR_PW_RL_PB_3,15as15,59.21833586,38.69387912,11.97798791,211,114,123
PAR_PW_RL_PB_3,15as45,55.34625555,43.19251018,14.12300087,206,99,110
PAR_PW_RL_PB_3,15as80,51.8446999,45.45771054,16.02190646,199,88,99
PAR_PW_RL_PB_3,45as-15,74.63336816,25.64485079,8.069748931,234,166,170
PAR_PW_RL_PB_3,45as15,63.51776458,31.84905701,10.6453152,213,131,136
PAR_PW_RL_PB_3,45as25,60.53087398,35.32362559,11.88776374,210,121,127
PAR_PW_RL_PB_3,45as45,55.98676314,39.35896023,13.41450333,202,105,113
PAR_PW_RL_PB_3,45as75,54.01505564,41.30282289,14.76446931,200,98,106
PAR_PW_RL_PB_3,45as110,53.10616092,41.91264261,15.71549151,198,95,102
PEN_EW_EB_NG_1,15as-45,49.55987529,-4.761603906,-30.64709026,63,123,169
PEN_EW_EB_NG_1,15as-30,49.66049985,-4.775398023,-30.7461896,63,123,170
PEN_EW_EB_NG_1,15as-15,49.77767885,-5.051339949,-29.67093093,65,123,168
PEN_EW_EB_NG_1,15as15,50.10325316,-4.851539848,-30.06618721,66,124,170
PEN_EW_EB_NG_1,15as45,48.27315561,-5.049217798,-31.6640549,55,120,168
PEN_EW_EB_NG_1,15as80,47.09415666,-4.702533478,-32.98378369,48,117,167
PEN_EW_EB_NG_1,45as-15,61.56749059,-3.778907926,-25.18670473,111,153,193
PEN_EW_EB_NG_1,45as15,52.8077161,-4.167310962,-28.45435764,80,131,174
PEN_EW_EB_NG_1,45as25,50.40783553,-4.310757134,-29.61491627,70,125,170
PEN_EW_EB_NG_1,45as45,47.94781802,-4.630514135,-30.96338448,58,119,166
PEN_EW_EB_NG_1,45as75,47.69102796,-4.586440332,-31.7275231,55,118,166
PEN_EW_EB_NG_1,45as110,48.81082247,-4.479301341,-32.73992113,56,121,171
PEN_PW_EB_NG_1,15as-45,68.51640631,-8.190184932,-19.49976879,127,173,202
PEN_PW_EB_NG_1,15as-30,67.48031921,-8.147332086,-19.47923053,124,170,199
PEN_PW_EB_NG_1,15as-15,65.95719276,-8.190041995,-18.82146087,121,166,193
PEN_PW_EB_NG_1,15as15,64.80022643,-8.089123284,-19.15571955,118,163,191
PEN_PW_EB_NG_1,15as45,63.37765271,-8.333893017,-20.29915183,112,159,189
PEN_PW_EB_NG_1,15as80,61.75391895,-8.419749078,-22.40048318,103,155,188
PEN_PW_EB_NG_1,45as-15,78.63631132,-6.882961435,-17.50633206,161,200,227
PEN_PW_EB_NG_1,45as15,69.0730828,-7.284068358,-18.58751551,132,174,202
PEN_PW_EB_NG_1,45as25,66.89959268,-7.396810993,-18.92419837,126,168,196
PEN_PW_EB_NG_1,45as45,62.98946197,-7.762036637,-19.91348884,113,158,187
PEN_PW_EB_NG_1,45as75,61.48341567,-7.846024883,-21.03122527,107,154,185
PEN_PW_EB_NG_1,45as110,60.82911231,-7.906867145,-23.37504778,101,153,187
PEN_PW_EB_CC_1,15as-45,58.12508324,-7.914583656,-26.08372267,88,146,185
PEN_PW_EB_CC_1,15as-30,58.0286378,-8.125909059,-26.26265237,86,146,185
PEN_PW_EB_CC_1,15as-15,57.64786786,-8.443669065,-25.56479496,86,145,183
PEN_PW_EB_CC_1,15as15,57.420076,-8.300073632,-25.94889328,85,144,183
PEN_PW_EB_CC_1,15as45,55.85275115,-8.373839144,-27.22813649,77,140,181
PEN_PW_EB_CC_1,15as80,53.25437081,-7.608091342,-28.65654366,69,133,176
PEN_PW_EB_CC_1,45as-15,68.2530979,-6.334535507,-22.855907,126,172,207
PEN_PW_EB_CC_1,45as15,60.24393214,-7.138976521,-24.49022388,99,151,188
PEN_PW_EB_CC_1,45as25,58.31507079,-7.316162176,-25.1662097,92,146,184
PEN_PW_EB_CC_1,45as45,55.17112803,-7.716892008,-26.23307785,80,138,177
PEN_PW_EB_CC_1,45as75,54.57911913,-7.304909456,-26.53325337,79,136,176
PEN_PW_EB_CC_1,45as110,53.46285103,-6.47743726,-27.55522833,76,133,175
PEN_PW_EB_MC_1,15as-45,76.41562251,-4.433718838,-6.791584387,173,192,201
PEN_PW_EB_MC_1,15as-30,76.29185973,-4.565853613,-7.103723128,172,191,201
PEN_PW_EB_MC_1,15as-15,75.31601703,-4.518885021,-6.791997539,170,189,198
PEN_PW_EB_MC_1,15as15,75.23864636,-4.508925194,-6.715187037,170,188,197
PEN_PW_EB_MC_1,15as45,75.14163472,-4.553481878,-7.047856737,169,188,198
PEN_PW_EB_MC_1,15as80,76.45632626,-4.520353613,-7.183782884,172,192,202
PEN_PW_EB_MC_1,45as-15,84.41407353,-3.926188155,-6.66725527,196,213,223
PEN_PW_EB_MC_1,45as15,78.06049239,-4.411589114,-6.968647099,177,196,206
PEN_PW_EB_MC_1,45as25,76.49367327,-4.432942571,-7.144628224,173,192,202
PEN_PW_EB_MC_1,45as45,74.76935052,-4.571052363,-7.396908755,168,187,197
PEN_PW_EB_MC_1,45as75,74.79528919,-4.617905859,-7.491357417,167,187,198
PEN_PW_EB_MC_1,45as110,77.42333585,-4.508321159,-7.68988073,175,194,205
PEN_PW_EB_MC_3,15as-45,61.70345898,-5.875776261,-23.8011459,108,154,191
PEN_PW_EB_MC_3,15as-30,60.59801697,-5.960438366,-24.6075806,103,151,189
PEN_PW_EB_MC_3,15as-15,59.35748705,-6.197732398,-24.3341927,100,148,185
PEN_PW_EB_MC_3,15as15,58.64666742,-5.978107536,-24.89748444,97,146,184
PEN_PW_EB_MC_3,15as45,58.02277817,-5.906718728,-25.37740105,95,145,183
PEN_PW_EB_MC_3,15as80,58.59073763,-5.627165325,-25.34271898,97,146,185
PEN_PW_EB_MC_3,45as-15,72.59398402,-4.804376977,-19.88544337,146,182,214
PEN_PW_EB_MC_3,45as15,63.81386328,-5.400049751,-22.88229331,116,159,195
PEN_PW_EB_MC_3,45as25,61.60484715,-5.433299053,-23.59483686,109,154,190
PEN_PW_EB_MC_3,45as45,58.96248808,-5.648329282,-24.38352934,100,147,184
PEN_PW_EB_MC_3,45as75,58.21578193,-5.42373107,-24.51330423,98,145,182
PEN_PW_EB_MC_3,45as110,60.37943095,-5.209228314,-24.23814669,105,150,188
PEN_PW_EB_CC_2,15as-45,52.28643842,-5.933794686,-25.85446946,78,130,169
PEN_PW_EB_CC_2,15as-30,51.97012015,-6.00078121,-26.5757726,76,129,169
PEN_PW_EB_CC_2,15as-15,51.70986989,-6.306407579,-26.06149614,75,129,167
PEN_PW_EB_CC_2,15as15,51.70066485,-6.195441508,-26.72472386,74,129,168
PEN_PW_EB_CC_2,15as45,49.86175341,-6.298853072,-27.82471683,66,124,165
PEN_PW_EB_CC_2,15as80,49.48489062,-5.736037353,-27.67190103,67,123,164
PEN_PW_EB_CC_2,45as-15,68.00118743,-4.51627823,-19.45028226,135,170,200
PEN_PW_EB_CC_2,45as15,57.57063241,-5.091361589,-22.86184653,100,143,178
PEN_PW_EB_CC_2,45as25,54.654254,-5.242452975,-24.07311111,90,135,172
PEN_PW_EB_CC_2,45as45,51.34287421,-5.557766903,-25.37134417,78,127,165
PEN_PW_EB_CC_2,45as75,50.07590281,-5.276762802,-25.63478265,75,124,162
PEN_PW_EB_CC_2,45as110,51.8701838,-4.767138085,-24.96285516,82,128,166
PEN_PW_EB_NG_3,15as-45,49.51162728,-4.641739454,-26.88525586,72,122,163
PEN_PW_EB_NG_3,15as-30,48.64721311,-4.574852258,-28.05561614,67,120,163
PEN_PW_EB_NG_3,15as-15,47.68422719,-4.85627157,-27.98483585,64,118,160
PEN_PW_EB_NG_3,15as15,47.45654963,-4.518695046,-28.88814458,62,117,161
PEN_PW_EB_NG_3,15as45,47.25447765,-4.596246745,-29.47051831,60,117,161
PEN_PW_EB_NG_3,15as80,48.30146334,-4.611599712,-29.48292287,63,119,164
PEN_PW_EB_NG_3,45as-15,60.4646449,-4.478705044,-22.97284089,110,150,186
PEN_PW_EB_NG_3,45as15,52.38037024,-4.499738276,-25.9720929,83,129,169
PEN_PW_EB_NG_3,45as25,50.44489016,-4.445703584,-26.91305859,75,125,165
PEN_PW_EB_NG_3,45as45,47.52450496,-4.488645263,-28.27850427,64,117,160
PEN_PW_EB_NG_3,45as75,47.31199589,-4.206718769,-28.60554123,64,117,160
PEN_PW_EB_NG_3,45as110,49.38278011,-4.272355126,-28.9111303,69,122,166
PEN_PW_CN_NG_3,15as-45,41.53554253,30.31799893,17.19479912,150,76,71
PEN_PW_CN_NG_3,15as-30,41.21245185,30.638296,17.58228031,150,75,70
PEN_PW_CN_NG_3,15as-15,40.84081316,30.70025956,17.61680056,149,74,69
PEN_PW_CN_NG_3,15as15,41.78767946,31.36912143,18.97039087,153,76,69
PEN_PW_CN_NG_3,15as45,41.08499623,33.00878425,20.79318213,153,73,65
PEN_PW_CN_NG_3,15as80,40.04240198,33.45520396,20.40078059,151,70,63
PEN_PW_CN_NG_3,45as-15,51.22031681,22.34846318,13.01437539,165,107,101
PEN_PW_CN_NG_3,45as15,44.47744125,26.67084053,15.6067898,153,87,81
PEN_PW_CN_NG_3,45as25,42.75857976,28.3368261,16.75045399,151,81,75
PEN_PW_CN_NG_3,45as45,40.86064808,30.71907117,18.63364691,149,74,67
PEN_PW_CN_NG_3,45as75,41.96091971,32.30626341,21.16009845,155,75,66
PEN_PW_CN_NG_3,45as110,44.26257991,33.7295796,22.17578026,164,80,70
PEN_PW_EB_CC_3,15as-45,49.80442169,-5.149056839,-25.86467537,74,123,162
PEN_PW_EB_CC_3,15as-30,49.01194962,-5.01618722,-26.79851569,70,121,161
PEN_PW_EB_CC_3,15as-15,49.57894939,-5.286180914,-26.92993981,70,123,163
PEN_PW_EB_CC_3,15as15,47.02629106,-4.874915326,-27.18897414,64,116,157
PEN_PW_EB_CC_3,15as45,45.59698771,-5.038673646,-28.65662939,55,113,155
PEN_PW_EB_CC_3,15as80,43.44949095,-4.611331756,-28.4540803,51,107,149
PEN_PW_EB_CC_3,45as-15,70.99554719,-3.492355701,-16.57848889,149,177,204
PEN_PW_EB_CC_3,45as15,53.51769006,-4.276428589,-22.95319165,92,132,167
PEN_PW_EB_CC_3,45as25,51.43033766,-4.390129581,-24.82191382,83,127,165
PEN_PW_EB_CC_3,45as45,46.7184311,-4.648994102,-26.85285088,65,115,155
PEN_PW_EB_CC_3,45as75,44.56257301,-4.293064708,-27.28230339,59,110,150
PEN_PW_EB_CC_3,45as110,44.20369337,-3.846228594,-26.66926086,61,109,148
PEN_PW_EB_MC_2,15as-45,74.19034148,-6.001621457,-13.30525354,156,187,206
PEN_PW_EB_MC_2,15as-30,73.64459087,-6.186957239,-13.87293415,153,185,206
PEN_PW_EB_MC_2,15as-15,72.34001644,-6.205268372,-13.47140715,150,182,202
PEN_PW_EB_MC_2,15as15,71.7950457,-6.179967614,-13.73757716,149,180,201
PEN_PW_EB_MC_2,15as45,71.4250977,-6.178615792,-14.00352754,147,179,200
PEN_PW_EB_MC_2,15as80,71.52794355,-5.95023711,-13.71806135,149,180,200
PEN_PW_EB_MC_2,45as-15,82.66310587,-4.935427222,-11.65938936,184,210,227
PEN_PW_EB_MC_2,45as15,75.34870044,-5.533581525,-12.71733206,161,190,209
PEN_PW_EB_MC_2,45as25,73.17776798,-5.636918486,-13.14796704,154,184,203
PEN_PW_EB_MC_2,45as45,70.95825243,-5.925719479,-13.69322035,147,178,198
PEN_PW_EB_MC_2,45as75,70.99828778,-5.800949598,-13.62818829,148,178,198
PEN_PW_EB_MC_2,45as110,72.86632372,-5.551470493,-13.30346676,154,183,203
PEN_PW_EB_NG_2,15as-45,54.88722388,-7.008810793,-26.38478181,81,137,176
PEN_PW_EB_NG_2,15as-30,54.6107719,-7.219028991,-27.16021315,78,137,177
PEN_PW_EB_NG_2,15as-15,53.90187157,-7.575377316,-26.80704262,75,135,175
PEN_PW_EB_NG_2,15as15,53.83610025,-7.372248057,-27.33499682,75,135,175
PEN_PW_EB_NG_2,15as45,53.43649785,-7.438754595,-27.98152042,72,134,175
PEN_PW_EB_NG_2,15as80,53.86009486,-7.051228359,-28.42002485,73,135,177
PEN_PW_EB_NG_2,45as-15,66.48324625,-6.095124139,-22.37280729,122,167,201
PEN_PW_EB_NG_2,45as15,59.3695116,-6.549293425,-24.53706622,98,148,186
PEN_PW_EB_NG_2,45as25,57.06802775,-6.707293939,-25.51875736,90,143,181
PEN_PW_EB_NG_2,45as45,54.1099628,-7.010925213,-26.76461159,78,135,175
PEN_PW_EB_NG_2,45as75,53.21742286,-6.791759043,-27.30555083,75,133,174
PEN_PW_EB_NG_2,45as110,54.65950421,-6.442027481,-27.82341325,79,136,178
PEN_PW_RL_CC_2,15as-45,50.33744518,40.05059779,10.4205898,186,90,104
PEN_PW_RL_CC_2,15as-30,50.64028369,40.30819208,10.11144691,187,90,105
PEN_PW_RL_CC_2,15as-15,50.59726013,40.09000701,9.810904928,186,91,106
PEN_PW_RL_CC_2,15as15,50.63571289,40.83708069,10.00409513,188,90,105
PEN_PW_RL_CC_2,15as45,48.75866778,43.37232416,11.43668455,186,82,99
PEN_PW_RL_CC_2,15as80,46.79598884,44.4324327,12.57531017,182,76,92
PEN_PW_RL_CC_2,45as-15,65.45807688,28.91184015,7.294919465,212,139,147
PEN_PW_RL_CC_2,45as15,54.76667029,35.75486049,9.078310095,192,105,117
PEN_PW_RL_CC_2,45as25,52.49120278,37.86822617,9.914146998,189,98,110
PEN_PW_RL_CC_2,45as45,49.27752507,40.80010806,10.90051056,184,86,101
PEN_PW_RL_CC_2,45as75,47.71327207,42.53624469,12.30149319,182,80,95
PEN_PW_RL_CC_2,45as110,47.84972148,42.80814596,13.51965111,183,80,93
PEN_PW_EB_PB_2,15as-45,53.87526199,-8.404215695,-22.54752617,82,135,167
PEN_PW_EB_PB_2,15as-30,53.57866951,-8.858142951,-23.19559211,78,134,167
PEN_PW_EB_PB_2,15as-15,53.42936454,-9.380690701,-22.83933238,77,134,166
PEN_PW_EB_PB_2,15as15,53.33210271,-9.555134186,-23.5529201,75,134,167
PEN_PW_EB_PB_2,15as45,51.36759688,-9.721611059,-24.68533043,66,129,164
PEN_PW_EB_PB_2,15as80,49.55577019,-8.980039575,-25.42583025,61,124,160
PEN_PW_EB_PB_2,45as-15,70.52920987,-5.903189991,-16.14794606,143,177,201
PEN_PW_EB_PB_2,45as15,59.64465219,-7.325956584,-19.18903762,106,149,177
PEN_PW_EB_PB_2,45as25,56.99608315,-7.704377611,-20.38934048,96,142,172
PEN_PW_EB_PB_2,45as45,53.62209508,-8.388082374,-21.64386822,83,134,165
PEN_PW_EB_PB_2,45as75,51.731161,-8.226938828,-22.29189663,77,129,161
PEN_PW_EB_PB_2,45as110,52.0629561,-7.404217234,-22.18704189,81,130,162
PEN_PW_RL_NG_2,15as-45,61.10012687,23.68528909,3.904328195,190,132,141
PEN_PW_RL_NG_2,15as-30,63.14184184,22.01723815,3.042945943,193,139,148
PEN_PW_RL_NG_2,15as-15,65.01071145,20.54156055,2.647674816,195,145,154
PEN_PW_RL_NG_2,15as15,63.82006845,20.09909017,2.453863105,191,142,151
PEN_PW_RL_NG_2,15as45,60.24786273,22.74649449,3.04709111,186,130,141
PEN_PW_RL_NG_2,15as80,57.23199039,26.08486433,4.539751168,183,120,130
PEN_PW_RL_NG_2,45as-15,78.01475778,17.76333636,3.057168004,228,181,188
PEN_PW_RL_NG_2,45as15,66.04256005,20.06374143,2.745547638,197,148,156
PEN_PW_RL_NG_2,45as25,63.10459839,21.47945629,2.914368499,192,139,148
PEN_PW_RL_NG_2,45as45,59.01996129,22.93181416,2.969578431,182,127,138
PEN_PW_RL_NG_2,45as75,57.04421134,24.34591521,3.741844222,180,121,131
PEN_PW_RL_NG_2,45as110,55.49257083,27.13673224,5.397909261,180,115,125
PEN_PW_RL_CC_1,15as-45,55.72403461,35.88763396,7.885395224,195,108,121
PEN_PW_RL_CC_1,15as-30,55.92049094,36.03852575,7.614699699,195,108,122
PEN_PW_RL_CC_1,15as-15,55.65120347,35.87437496,7.415807136,194,108,122
PEN_PW_RL_CC_1,15as15,56.53226896,36.0402643,7.495984495,197,110,124
PEN_PW_RL_CC_1,15as45,56.0102847,37.09801482,8.078293508,197,107,122
PEN_PW_RL_CC_1,15as80,55.76520107,37.85373598,8.618291717,198,106,120
PEN_PW_RL_CC_1,45as-15,66.446676,27.8375913,6.053922797,213,143,152
PEN_PW_RL_CC_1,45as15,60.61463262,31.11890521,7.01590881,201,125,135
PEN_PW_RL_CC_1,45as25,58.91093373,32.50075436,7.259230144,199,119,130
PEN_PW_RL_CC_1,45as45,56.94543642,33.8863257,7.443735938,195,113,125
PEN_PW_RL_CC_1,45as75,57.09117877,33.33230705,7.715844256,195,114,125
PEN_PW_RL_CC_1,45as110,59.99294429,32.08100314,7.844151705,201,122,132
PEN_PW_EB_PB_3,15as-45,51.57629178,-7.70862745,-20.87248397,81,128,158
PEN_PW_EB_PB_3,15as-30,51.43411154,-8.052665072,-21.61469045,78,128,159
PEN_PW_EB_PB_3,15as-15,51.53955183,-8.526886494,-21.38164889,77,129,159
PEN_PW_EB_PB_3,15as15,50.86498421,-8.621818171,-22.00854338,74,127,158
PEN_PW_EB_PB_3,15as45,48.82943516,-8.950726403,-23.45058586,64,122,155
PEN_PW_EB_PB_3,15as80,48.02173479,-8.393387963,-24.26275987,62,120,154
PEN_PW_EB_PB_3,45as-15,70.07384867,-5.197175546,-14.2280158,146,175,197
PEN_PW_EB_PB_3,45as15,58.89127082,-6.570592064,-17.34180854,109,146,172
PEN_PW_EB_PB_3,45as25,55.81262822,-7.063880677,-18.81726914,97,139,166
PEN_PW_EB_PB_3,45as45,51.67476752,-7.844326814,-20.33393833,82,129,157
PEN_PW_EB_PB_3,45as75,49.63098784,-7.657114185,-20.93651571,76,123,153
PEN_PW_EB_PB_3,45as110,50.65895741,-6.859598599,-20.81100337,81,126,156
PEN_PW_EB_PB_1,15as-45,64.7321797,-8.515633048,-21.90564019,112,163,196
PEN_PW_EB_PB_1,15as-30,65.4569816,-8.627425341,-21.76953215,114,165,197
PEN_PW_EB_PB_1,15as-15,65.88618667,-8.819419299,-20.91849932,116,166,197
PEN_PW_EB_PB_1,15as15,66.5328246,-8.849461487,-21.2597575,117,168,199
PEN_PW_EB_PB_1,15as45,64.55685837,-8.895586024,-22.04158315,110,163,195
PEN_PW_EB_PB_1,15as80,61.72879854,-8.146254904,-22.60742516,104,155,189
PEN_PW_EB_PB_1,45as-15,77.54257573,-5.975550066,-17.02247998,160,196,223
PEN_PW_EB_PB_1,45as15,69.35385894,-7.120219976,-18.69892895,133,175,203
PEN_PW_EB_PB_1,45as25,67.2480786,-7.397126919,-19.46112173,126,169,198
PEN_PW_EB_PB_1,45as45,65.35191681,-7.860002038,-20.0629999,118,164,194
PEN_PW_EB_PB_1,45as75,64.9952845,-7.466924996,-19.87889933,119,163,193
PEN_PW_EB_PB_1,45as110,65.86685868,-6.585766294,-19.38741096,124,165,194
PEN_PW_RL_NG_3,15as-45,50.25423944,33.66055204,11.71288009,177,96,101
PEN_PW_RL_NG_3,15as-30,51.72842092,32.01138872,10.39306518,179,101,107
PEN_PW_RL_NG_3,15as-15,52.99205043,30.45858551,9.332252512,180,105,112
PEN_PW_RL_NG_3,15as15,52.67321038,29.48932763,8.846064475,177,105,112
PEN_PW_RL_NG_3,15as45,50.01319034,32.82371045,10.50529161,175,96,103
PEN_PW_RL_NG_3,15as80,47.53645235,36.83670484,13.20244827,174,86,92
PEN_PW_RL_NG_3,45as-15,64.87385016,25.82339045,8.520457943,206,140,143
PEN_PW_RL_NG_3,45as15,55.7051011,28.36252095,8.899464696,184,114,119
PEN_PW_RL_NG_3,45as25,53.55394414,30.12060277,9.490478826,181,107,113
PEN_PW_RL_NG_3,45as45,49.58098255,32.3112812,10.19329721,173,95,102
PEN_PW_RL_NG_3,45as75,47.30777477,34.49202764,11.95115216,170,87,94
PEN_PW_RL_NG_3,45as110,46.04755831,37.90628985,14.82241186,172,81,86
PEN_PW_RL_NG_1,15as-45,71.77824806,10.13613071,-0.023533618,195,170,176
PEN_PW_RL_NG_1,15as-30,73.54706764,9.270783077,-0.574409662,198,175,182
PEN_PW_RL_NG_1,15as-15,74.64990177,8.551054684,-0.65288387,199,179,185
PEN_PW_RL_NG_1,15as15,76.55132251,7.96347811,-0.508857452,204,184,190
PEN_PW_RL_NG_1,15as45,73.30187019,8.949563094,-0.642812946,196,175,181
PEN_PW_RL_NG_1,15as80,72.13193673,10.65500478,-0.263670114,196,170,178
PEN_PW_RL_NG_1,45as-15,85.2984546,9.030208655,-0.437686443,230,208,214
PEN_PW_RL_NG_1,45as15,79.99958487,8.53293727,-0.631750205,214,193,200
PEN_PW_RL_NG_1,45as25,76.18571677,8.968110678,-0.660675892,204,182,189
PEN_PW_RL_NG_1,45as45,72.59436,9.296521165,-0.812960156,195,172,180
PEN_PW_RL_NG_1,45as75,71.27258707,9.69618215,-0.566233695,192,169,176
PEN_PW_RL_NG_1,45as110,71.08225718,11.28948708,-0.146955313,195,167,175
PEN_PW_RL_MC_2,15as-45,83.00835567,7.556956814,5.29784213,225,202,197
PEN_PW_RL_MC_2,15as-30,82.64970067,7.672419712,5.135370659,224,201,196
PEN_PW_RL_MC_2,15as-15,81.57259782,7.885157691,5.334580094,222,197,193
PEN_PW_RL_MC_2,15as15,82.05202447,7.838455924,5.530686578,223,199,194
PEN_PW_RL_MC_2,15as45,82.14169244,7.867638248,5.426420271,224,199,194
PEN_PW_RL_MC_2,15as80,82.14382038,7.461497188,5.340705515,223,199,195
PEN_PW_RL_MC_2,45as-15,87.93007313,6.795401552,4.493728649,237,216,212
PEN_PW_RL_MC_2,45as15,83.29538427,7.195768597,4.841855888,225,203,199
PEN_PW_RL_MC_2,45as25,82.26301139,7.42802649,4.933763343,223,200,196
PEN_PW_RL_MC_2,45as45,81.29051202,7.53268258,4.879405812,220,197,193
PEN_PW_RL_MC_2,45as75,81.76022158,7.268159118,4.830881043,221,198,194
PEN_PW_RL_MC_2,45as110,83.90787071,6.812426073,4.582364076,226,205,201
PEN_PW_RL_CC_3,15as-45,45.71143636,40.59687872,12.98562527,174,77,89
PEN_PW_RL_CC_3,15as-30,46.73989503,40.2788801,12.33128392,176,80,92
PEN_PW_RL_CC_3,15as-15,48.5072651,39.8384114,11.8561527,181,85,97
PEN_PW_RL_CC_3,15as15,47.51691021,39.85610539,11.85139556,178,83,95
PEN_PW_RL_CC_3,15as45,44.41550545,44.52496428,14.45241492,176,69,83
PEN_PW_RL_CC_3,15as80,41.7131082,46.67443417,16.6211709,171,59,74
PEN_PW_RL_CC_3,45as-15,65.13592532,25.87925008,7.143506055,207,141,146
PEN_PW_RL_CC_3,45as15,51.83507453,33.2130705,9.605973373,181,100,109
PEN_PW_RL_CC_3,45as25,49.8691944,36.63242273,11.01453868,180,92,102
PEN_PW_RL_CC_3,45as45,44.89952958,41.46163218,13.14126457,173,74,86
PEN_PW_RL_CC_3,45as75,42.32599201,44.57049203,15.66237435,170,64,76
PEN_PW_RL_CC_3,45as110,41.63660995,45.67779205,17.47887616,170,60,72
PEN_PW_RL_MC_3,15as-45,77.05287714,12.11966994,7.688476753,218,182,177
PEN_PW_RL_MC_3,15as-30,77.19083318,12.37811564,7.606025831,219,182,177
PEN_PW_RL_MC_3,15as-15,76.52591029,12.60780196,7.747393296,218,180,175
PEN_PW_RL_MC_3,15as15,77.50177732,12.66253178,7.996395239,221,183,177
PEN_PW_RL_MC_3,15as45,77.97112907,12.73109978,7.989825803,222,184,179
PEN_PW_RL_MC_3,15as80,79.49878807,12.24397716,7.926798834,226,189,183
PEN_PW_RL_MC_3,45as-15,81.85526399,10.6988823,6.474944145,229,196,192
PEN_PW_RL_MC_3,45as15,78.50574501,11.41981397,7.097262139,221,187,182
PEN_PW_RL_MC_3,45as25,77.82702026,11.77840944,7.161385311,220,185,180
PEN_PW_RL_MC_3,45as45,77.17464561,12.05975356,7.194480874,218,183,178
PEN_PW_RL_MC_3,45as75,77.659661,11.73731329,7.065925439,219,184,179
PEN_PW_RL_MC_3,45as110,80.88359976,11.15124053,6.759920273,227,193,189
PEN_PW_RL_MC_1,15as-45,85.41553941,3.404341623,3.387228856,223,211,207
PEN_PW_RL_MC_1,15as-30,85.5236263,3.313703974,3.029954046,223,211,208
PEN_PW_RL_MC_1,15as-15,84.72931355,3.412404456,3.172288949,221,209,206
PEN_PW_RL_MC_1,15as15,85.35816279,3.295599877,3.272258037,222,211,207
PEN_PW_RL_MC_1,15as45,85.9066068,3.344220212,3.117261608,224,213,209
PEN_PW_RL_MC_1,15as80,87.55262698,3.248252829,3.150753373,228,217,214
PEN_PW_RL_MC_1,45as-15,90.56895642,3.25988172,2.749109276,237,226,223
PEN_PW_RL_MC_1,45as15,86.78309314,3.144431091,2.83397369,226,215,212
PEN_PW_RL_MC_1,45as25,86.06996981,3.303933377,2.798010218,224,213,210
PEN_PW_RL_MC_1,45as45,85.17183971,3.310771122,2.677700181,221,211,208
PEN_PW_RL_MC_1,45as75,85.72474826,3.101145038,2.610635078,223,212,209
PEN_PW_RL_MC_1,45as110,88.62522733,2.988523425,2.360683893,230,220,218
PEN_PW_RL_PB_1,15as-45,67.58417014,26.69857682,2.396264933,212,147,161
PEN_PW_RL_PB_1,15as-30,70.61211105,25.72190701,1.828313029,219,156,170
PEN_PW_RL_PB_1,15as-15,73.74321178,24.0748086,1.615552985,225,165,179
PEN_PW_RL_PB_1,15as15,76.00521583,23.58266691,1.732705325,231,172,185
PEN_PW_RL_PB_1,15as45,71.14040656,26.4490523,2.020194744,222,156,171
PEN_PW_RL_PB_1,15as80,68.6104911,28.18360131,2.496736763,218,148,164
PEN_PW_RL_PB_1,45as-15,86.22880491,18.60063877,1.253074033,252,204,214
PEN_PW_RL_PB_1,45as15,78.58501004,21.34431633,1.414764042,234,180,193
PEN_PW_RL_PB_1,45as25,74.09486459,23.41392249,1.677718726,225,167,180
PEN_PW_RL_PB_1,45as45,70.0305119,25.45137517,1.835089637,217,154,169
PEN_PW_RL_PB_1,45as75,69.73921532,25.39012608,2.181993776,216,154,167
PEN_PW_RL_PB_1,45as110,70.16965025,25.6830669,2.431595238,218,154,168
PEN_PW_RL_PB_3,15as-45,50.69312304,41.76162018,13.65325813,190,89,99
PEN_PW_RL_PB_3,15as-30,53.1396308,40.45431992,12.56912036,195,97,107
PEN_PW_RL_PB_3,15as-15,57.03841496,38.8660618,11.65018393,204,108,118
PEN_PW_RL_PB_3,15as15,55.06627245,39.51319125,11.86163287,199,103,113
PEN_PW_RL_PB_3,15as45,49.63610381,45.9622287,15.19563097,193,81,95
PEN_PW_RL_PB_3,15as80,45.59991575,47.43907814,17.28882359,184,69,82
PEN_PW_RL_PB_3,45as-15,75.38881027,22.92027346,6.822147493,231,170,174
PEN_PW_RL_PB_3,45as15,58.95492799,31.36095053,9.512865645,198,120,127
PEN_PW_RL_PB_3,45as25,55.6528732,36.18216863,11.47637188,196,107,115
PEN_PW_RL_PB_3,45as45,50.00763059,41.46661358,13.91567752,188,87,97
PEN_PW_RL_PB_3,45as75,47.87421762,43.69566616,15.79465745,185,79,89
PEN_PW_RL_PB_3,45as110,47.29283045,42.72986869,16.67926187,183,79,86
PEN_PW_RL_PB_2,15as-45,55.80624512,38.39431527,9.33728848,199,106,119
PEN_PW_RL_PB_2,15as-30,58.38857928,37.06120542,8.460161019,204,114,127
PEN_PW_RL_PB_2,15as-15,61.73968231,35.22693412,7.707437649,211,124,137
PEN_PW_RL_PB_2,15as15,61.2008987,35.46012113,7.699480916,210,122,136
PEN_PW_RL_PB_2,15as45,56.46258602,40.19485449,9.44533525,203,106,121
PEN_PW_RL_PB_2,15as80,52.96948533,42.0889801,10.86593326,196,95,110
PEN_PW_RL_PB_2,45as-15,77.5849717,23.84600943,5.671394844,238,176,182
PEN_PW_RL_PB_2,45as15,64.98023151,30.00945071,7.124144022,212,137,146
PEN_PW_RL_PB_2,45as25,61.2901903,33.42513409,8.070841432,207,124,135
PEN_PW_RL_PB_2,45as45,56.31438863,37.56663071,9.324235714,199,108,120
PEN_PW_RL_PB_2,45as75,54.95822976,38.60355431,10.37638259,197,103,115
PEN_PW_RL_PB_2,45as110,54.42964675,38.93264217,11.36176037,197,101,112
